{
  "project_info": {
    "project_number": "159054340374",
    "firebase_url": "https://bookify-1cc7c.firebaseio.com",
    "project_id": "bookify-1cc7c",
    "storage_bucket": "bookify-1cc7c.appspot.com"
  },
  "client": [
    {
      "client_info": {
        "mobilesdk_app_id": "1:159054340374:android:2b7466d722868084",
        "android_client_info": {
          "package_name": "com.example.mohdarif.bookify"
        }
      },
      "oauth_client": [
        {
          "client_id": "159054340374-64s67dp023h8lb5qps450225bt6j45ul.apps.googleusercontent.com",
          "client_type": 1,
          "android_info": {
            "package_name": "com.example.mohdarif.bookify",
            "certificate_hash": "c85a61532ea850272144d569320223bf053b380d"
          }
        },
        {
          "client_id": "159054340374-42vlmmsh4vcqu3j35bd16i64mongq16b.apps.googleusercontent.com",
          "client_type": 3
        }
      ],
      "api_key": [
        {
          "current_key": "AIzaSyCv_l4FNw0SVVx4gcGu_KmadACqgsgC9jQ"
        }
      ],
      "services": {
        "appinvite_service": {
          "other_platform_oauth_client": [
            {
              "client_id": "159054340374-42vlmmsh4vcqu3j35bd16i64mongq16b.apps.googleusercontent.com",
              "client_type": 3
            }
          ]
        }
      }
    }
  ],
  "configuration_version": "1"
}